<?xml version = "1.0" encoding = "utf-8"?>
<!DOCTYPE hibernate-mapping PUBLIC 
"-//Hibernate/Hibernate Mapping DTD//EN"
"http://www.hibernate.org/dtd/hibernate-mapping-3.0.dtd"> 

<hibernate-mapping>
   <class name = "Member" table = "Member">
      
      <meta attribute = "class-description">
         This class contains Member details. 
      </meta>
      
      <id name = "id" type = "int" column = "id">
         <generator class="native"/>
      </id>
      
      <property name = "first_name" column = "first_name" type = "string"/>
      <property name = "last_name" column = "last_name" type = "string"/>
      
   </class>
</hibernate-mapping>